,count,mean,std,min,25%,50%,75%,max,missing_values,unique_values
completion_time,30240.0,9.756597685185184,6.8034515088784,0.888,4.424,7.835,14.05125,30.714,0,15710
click_count,30240.0,1.8596560846560846,1.037642339392926,0.0,1.0,2.0,2.0,4.0,0,5
scroll_count,30240.0,0.1255952380952381,1.2473324065389857,0.0,0.0,0.0,0.0,16.0,0,6
keyboard_count,30240.0,0.0,0.0,0.0,0.0,0.0,0.0,0.0,0,1
retry_count,30240.0,0.8329034391534391,0.861688303448961,0.0,0.0,1.0,2.0,2.0,0,3
error_count,30240.0,0.5771825396825396,0.913535244796969,0.0,0.0,0.0,1.0,4.0,0,4
failed_clicks,30240.0,0.46828703703703706,0.7896530536388446,0.0,0.0,0.0,1.0,2.0,0,3
task_completed,30240.0,0.8125,0.3903188286375906,0.0,1.0,1.0,1.0,1.0,0,2
